n,actual_count,expected_count,error
2,1,0.0,1.0
1002,136,118.57120304597103,17.428796954028968
2002,249,219.3424164592928,29.657583540707208
3002,352,315.1802192642474,36.8197807357526
4002,456,408.06523065146547,47.93476934853453
5002,560,498.8682382786724,61.13176172132762
6002,655,588.0765019779639,66.92349802203614
7002,751,675.9997527651934,75.00024723480658
8002,856,762.8513671316067,93.14863286839329
9002,946,848.7867733443817,97.21322665561831
10002,1033,933.9239357755321,99.07606422446793
11002,1130,1018.3552557692831,111.64474423071692
12002,1231,1102.15494599893,128.8450540010699
13002,1313,1185.3838364910077,127.61616350899226
14002,1404,1268.0926367979741,135.90736320202586
15002,1491,1350.324225694576,140.67577430542406
16002,1570,1432.1153041062967,137.88469589370334
17002,1678,1513.4976172495478,164.50238275045217
18002,1760,1594.4988770854775,165.5011229145225
19002,1858,1675.1434711967875,182.85652880321254
20002,1941,1755.4530162097803,185.54698379021966
21002,2031,1835.446795942495,195.5532040575049
22002,2115,1915.1421126499222,199.85788735007782
23002,2197,1994.5545717791315,202.4454282208685
24002,2277,2073.6983151711484,203.30168482885165
25002,2371,2152.586213806932,218.41378619306806
26002,2459,2231.230028456713,227.76997154328683
27002,2540,2309.640544608974,230.35945539102613
28002,2628,2387.8276865989587,240.17231340104127
29002,2720,2465.800614773087,254.1993852269129
30002,2812,2543.5678087099463,268.43219129005365
31002,2893,2621.1371388977377,271.8628611022623
32002,2981,2698.5159287907836,282.4840712092164
33002,3053,2775.711008797309,277.2889912026908
34002,3136,2852.7287634607683,283.2712365392317
35002,3205,2929.575172868131,275.4248271318688
36002,3304,3006.2558491365667,297.74415086343333
37002,3378,3082.7760686841825,295.2239313158175
38002,3469,3159.1408008729377,309.8591991270623
39002,3555,3235.3547335164617,319.6452664835383
40002,3634,3311.4222956676654,322.57770433233463
41002,3727,3387.347678037086,339.6523219629139
42002,3798,3463.1348513402027,334.86514865979734
43002,3868,3538.787582828155,329.2124171718451
44002,3966,3614.3094512198913,351.69054878010866
45002,4039,3689.7038602231833,349.29613977681674
46002,4127,3764.974050806346,362.025949193654
47002,4219,3840.123112360753,378.8768876392469
48002,4307,3915.153992875942,391.8460071240579
49002,4383,3990.069508233433,392.9304917665668
50002,4460,4064.8723507120358,395.12764928796423
51002,4544,4139.565096786016,404.4349032139844
52002,4615,4214.1502142876525,400.8497857123475
53002,4698,4288.630068997237,409.3699310027632
54002,4773,4363.006930716235,409.9930692837652
55002,4862,4437.282978872986,424.71702112701405
56002,4937,4511.460307704799,425.53969229520135
57002,5008,4585.540931055433,422.45906894456675
58002,5091,4659.526786822781,431.4732131772189
59002,5172,4733.41974108786,438.5802589121404
60002,5244,4807.221591952986,436.7784080470137
61002,5329,4880.934073114096,448.06592688590445
62002,5420,4954.558857189716,465.44114281028396
63002,5499,5028.097558826829,470.9024411731707
64002,5574,5101.551737601881,472.44826239811937
65002,5667,5174.922900733437,492.077099266563
66002,5737,5248.212505621452,488.7874943785482
67002,5821,5321.421962226681,499.578037773319
68002,5891,5394.552635302538,496.44736469746204
69002,5986,5467.605846490591,518.3941535094091
70002,6074,5540.582876289903,533.4171237100973
71002,6151,5613.4849659094725,537.5150340905275
72002,6215,5686.313319012304,528.6866809876956
73002,6289,5759.069103358848,529.9308966411518
74002,6373,5831.753452356909,541.2465476430907
75002,6456,5904.367466524576,551.6325334754238
76002,6539,5976.912214872098,562.087785127902
77002,6622,6049.3887362082605,572.6112637917395
78002,6695,6121.798040376278,573.2019596237224
79002,6776,6194.1411094238765,581.8588905761235
80002,6847,6266.418898711871,580.5811012881286
81002,6926,6338.632337965171,587.3676620348288
82002,6999,6410.782332269909,588.2176677300913
83002,7067,6482.86976302006,584.1302369799396
84002,7147,6554.8954888167145,592.1045111832855
85002,7221,6626.860346322857,594.1396536771426
86002,7304,6698.765151076414,605.2348489235856
87002,7383,6770.610698264043,612.3893017359569
88002,7447,6842.397763457945,604.6022365420549
89002,7541,6914.1271033179755,626.8728966820245
90002,7629,6985.799456260935,643.2005437390653
91002,7690,7057.41554309902,632.5844569009796
92002,7776,7128.976067649127,647.0239323508731
93002,7851,7200.481717314657,650.5182826853434
94002,7932,7271.9331636413535,660.0668363586465
95002,8013,7343.331062848569,669.6689371514312
96002,8073,7414.676056337352,658.3239436626482
97002,8163,7485.968771176509,677.0312288234909
98002,8241,7557.209820567901,683.7901794320987
99002,8316,7628.399804292021,687.6001957079789
100002,8393,7699.539309134876,693.460690865124
101002,8476,7770.628909297151,705.371090702849
102002,8537,7841.669166786562,695.3308332134384
103002,8610,7912.66063179423,697.3393682057704
104002,8703,7983.603843055898,719.3961569441017
105002,8783,8054.499328198719,728.500671801281
106002,8871,8125.347604074344,745.6523959256556
107002,8930,8196.149177078967,733.8508229210329
108002,9013,8266.904543460914,746.0954565390857
109002,9078,8337.614189616506,740.3858103834937
110002,9165,8408.278592374536,756.721407625464
111002,9240,8478.898219270102,761.1017807298977
112002,9317,8549.473528808163,767.5264711918371
113002,9404,8620.004970717324,783.9950292826761
114002,9470,8690.492986194333,779.5070138056672
115002,9566,8760.938008139625,805.0619918603752
116002,9636,8831.340461384421,804.6595386155786
117002,9701,8901.700762909644,799.2992370903557
118002,9771,8972.019322057135,798.9806779428654
119002,9842,9042.29654073338,799.7034592666205
120002,9920,9112.532813606163,807.4671863938365
121002,10002,9182.728528294429,819.2714717055715
122002,10071,9252.884065551596,818.115934448404
123002,10149,9322.999799442676,826.0002005573242
124002,10224,9393.07609751539,830.9239024846102
125002,10310,9463.113320965569,846.8866790344309
126002,10385,9533.111824797059,851.888175202941
127002,10462,9603.07195797637,858.92804202363
128002,10538,9672.994063582257,865.0059364177432
129002,10598,9742.878478950464,855.1215210495357
130002,10679,9812.725535813805,866.2744641861955
131002,10743,9882.535560437787,860.4644395622126
132002,10822,9952.308873751914,869.6911262480862
133002,10895,10022.045791476889,872.9542085231114
134002,10994,10091.746624247822,902.2533757521778
135002,11067,10161.411677733666,905.5883222663342
136002,11140,10231.041252752912,908.9587472470885
137002,11197,10300.63564538584,896.3643546141593
138002,11280,10370.195147083296,909.8048529167045
139002,11352,10439.720044772237,912.2799552277629
140002,11423,10509.21062095813,913.7893790418693
141002,11508,10578.667153824297,929.3328461757028
142002,11570,10648.089917328345,921.9100826716549
143002,11655,10717.479181295774,937.5208187042263
144002,11719,10786.835211510894,932.1647884891063
145002,11802,10856.158269805077,945.841730194923
146002,11878,10925.44861414254,952.5513858574595
147002,11941,10994.706498703632,946.293501296368
148002,12017,11063.932173965824,953.0678260341756
149002,12089,11133.12588678239,955.8741132176092
150002,12148,11202.28788045892,945.71211954108
151002,12232,11271.418394827704,960.5816051722959
152002,12298,11340.517666320093,957.4823336799072
153002,12377,11409.585928036853,967.4140719631469
154002,12456,11478.623409816633,977.3765901833667
155002,12528,11547.630338302602,980.3696616973975
156002,12591,11616.60693700727,974.3930629927308
157002,12688,11685.553426375593,1002.4465736244074
158002,12753,11754.470023846452,998.529976153548
159002,12844,11823.356943912457,1020.6430560875433
160002,12924,11892.214398178232,1031.785601821768
161002,13000,11961.042595417173,1038.9574045828267
162002,13067,12029.841741626753,1037.158258373247
163002,13158,12098.612040082406,1059.3879599175943
164002,13234,12167.353691390024,1066.6463086099757
165002,13310,12236.066893537174,1073.933106462826
166002,13393,12304.751841942965,1088.2481580570347
167002,13465,12373.408729506718,1091.5912704932816
168002,13536,12442.037746655405,1093.9622533445945
169002,13627,12510.639081389932,1116.3609186100675
170002,13685,12579.212919330246,1105.7870806697538
171002,13759,12647.75944375941,1111.2405562405893
172002,13834,12716.278835666551,1117.7211643334485
173002,13902,12784.771273788783,1117.2287262112168
174002,13986,12853.236934652163,1132.7630653478373
175002,14062,12921.675992611614,1140.3240073883862
176002,14141,12990.088619889948,1150.911380110052
177002,14205,13058.474986615942,1146.5250133840582
178002,14296,13126.83526086154,1169.1647391384595
179002,14355,13195.169608678178,1159.8303913218224
180002,14414,13263.478194132273,1150.5218058677274
181002,14491,13331.761179339876,1159.2388206601245
182002,14572,13400.01872450057,1171.981275499429
183002,14636,13468.250987930556,1167.7490120694438
184002,14720,13536.458126095013,1183.5418739049874
185002,14778,13604.640293639708,1173.359706360292
186002,14832,13672.797643421949,1159.202356578051
187002,14907,13740.930326540753,1166.0696734592475
188002,14989,13809.038492366455,1179.961507633545
189002,15058,13877.122288569575,1180.8777114304248
190002,15130,13945.181861149114,1184.8181388508856
191002,15205,14013.217354460186,1191.7826455398135
192002,15278,14081.228911241085,1196.7710887589146
193002,15346,14149.216672639743,1196.7833273602573
194002,15409,14217.180778239639,1191.819221760361
195002,15495,14285.12136608514,1209.8786339148592
196002,15569,14353.038572706308,1215.9614272936924
197002,15666,14420.93253314319,1245.06746685681
198002,15727,14488.803380969579,1238.196619030421
199002,15790,14556.651248316295,1233.348751683705
200002,15876,14624.476265893976,1251.5237341060238
201002,15940,14692.278563015385,1247.7214369846151
202002,16003,14760.058267617282,1242.9417323827183
203002,16079,14827.815506281815,1251.184493718185
204002,16149,14895.550404257505,1253.4495957424951
205002,16233,14963.263085479783,1269.7369145202174
206002,16305,15030.953672591117,1274.0463274088834
207002,16364,15098.622286960745,1265.3777130392555
208002,16446,15166.269048704005,1279.7309512959946
209002,16511,15233.894076701265,1277.1059232987354
210002,16584,15301.497488616504,1282.5025113834963
211002,16647,15369.079400915503,1277.9205990844966
212002,16723,15436.639928883713,1286.3600711162871
213002,16807,15504.179186643716,1302.820813356284
214002,16876,15571.697287172407,1304.3027128275935
215002,16949,15639.194342317809,1309.805657682191
216002,17031,15706.670462815553,1324.329537184447
217002,17117,15774.125758305101,1342.874241694899
218002,17206,15841.560337345574,1364.4396626544258
219002,17264,15908.974307431356,1355.0256925686444
220002,17323,15976.367775007344,1346.6322249926561
221002,17397,16043.740845483953,1353.2591545160467
222002,17490,16111.093623251832,1378.9063767481675
223002,17559,16178.426211696278,1380.5737883037218
224002,17620,16245.738713211376,1374.2612867886237
225002,17687,16313.031229213986,1373.968770786014
226002,17769,16380.303860157303,1388.6961398426974
227002,17829,16447.556705544284,1381.4432944557157
228002,17905,16514.78986394081,1390.2101360591914
229002,17966,16582.00343298858,1383.9965670114216
230002,18021,16649.1975094178,1371.8024905821985
231002,18082,16716.37218905966,1365.6278109403393
232002,18157,16783.52756685849,1373.472433141509
233002,18239,16850.663736883842,1388.336263116158
234002,18321,16917.78079234224,1403.2192076577594
235002,18390,16984.878825588774,1405.121174411226
236002,18482,17051.957928138512,1430.0420718614878
237002,18557,17119.018190677645,1437.9818093223548
238002,18649,17186.059703074465,1462.9402969255352
239002,18708,17253.082554390225,1454.9174456097753
240002,18784,17320.08683288966,1463.9131671103387
241002,18859,17387.072626051493,1471.927373948507
242002,18925,17454.040020578614,1470.9599794213864
243002,18977,17520.989102408188,1456.010897591812
244002,19061,17587.919956721544,1473.0800432784563
245002,19135,17654.832667953895,1480.167332046105
246002,19207,17721.72731980394,1485.2726801960598
247002,19271,17788.6039952432,1482.3960047567998
248002,19360,17855.462776525346,1504.5372234746537
249002,19421,17922.303745195233,1498.6962548047668
250002,19494,17989.126982097867,1504.8730179021331
251002,19577,18055.932567387175,1521.0674326128246
252002,19631,18122.720580534682,1508.279419465318
253002,19712,18189.491100337993,1522.508899662007
254002,19778,18256.24420492919,1521.7557950708106
255002,19853,18322.979971783,1530.0200282170008
256002,19920,18389.69847772497,1530.3015222750291
257002,19996,18456.39979893938,1539.6002010606207
258002,20064,18523.084010977072,1540.9159890229275
259002,20145,18589.751188763203,1555.2488112367973
260002,20224,18656.401406604808,1567.5985933951924
261002,20303,18723.034738198265,1579.9652618017353
262002,20378,18789.65125663664,1588.34874336336
263002,20455,18856.25103441692,1598.7489655830796
264002,20528,18922.834143447166,1605.1658565528342
265002,20595,18989.400655053447,1605.5993449465532
266002,20666,19055.95063998681,1610.0493600131886
267002,20731,19122.484168430023,1608.5158315699773
268002,20780,19189.00131000426,1590.9986899957403
269002,20860,19255.50213377572,1604.4978662242793
270002,20929,19321.986708262062,1607.0132917379378
271002,20996,19388.4551014388,1607.5448985611984
272002,21078,19454.907380745608,1623.092619254392
273002,21131,19521.34361309246,1609.6563869075399
274002,21210,19587.763864865767,1622.2361351342333
275002,21284,19654.168201934353,1629.8317980656466
276002,21356,19720.55668965536,1635.443310344639
277002,21424,19786.929392880105,1637.0706071198947
278002,21487,19853.28637595976,1633.7136240402397
279002,21561,19919.627702751044,1641.3722972489559
280002,21639,19985.95343662178,1653.0465633782187
281002,21700,20052.263640456367,1647.7363595436327
282002,21764,20118.558376661178,1645.441623338822
283002,21842,20184.837707169903,1657.1622928300967
284002,21915,20251.101693448756,1663.8983065512439
285002,21977,20317.350396501715,1659.6496034982847
286002,22055,20383.583876875517,1671.4161231244834
287002,22143,20449.802194664764,1693.197805335236
288002,22219,20516.00540951681,1702.9945904831911
289002,22295,20582.193580636686,1712.8064193633145
290002,22365,20648.36676679184,1716.6332332081583
291002,22432,20714.52502631696,1717.4749736830418
292002,22506,20780.66841711856,1725.3315828814411
293002,22581,20846.796996679648,1734.2030033203519
294002,22678,20912.910822064216,1765.0891779357844
295002,22735,20979.00994992175,1755.9900500782496
296002,22798,21045.09443649161,1752.9055635083896
297002,22873,21111.16433760742,1761.8356623925793
298002,22955,21177.219708701316,1777.7802912986845
299002,23034,21243.26060480819,1790.7393951918093
300002,23101,21309.287080569877,1791.7129194301233
301002,23165,21375.299190239246,1789.700809760754
302002,23242,21441.296987684273,1800.7030123157274
303002,23316,21507.280526392027,1808.7194736079728
304002,23382,21573.249859472628,1808.7501405273724
305002,23452,21639.205039663135,1812.7949603368652
306002,23516,21705.146119331384,1810.8538806686156
307002,23589,21771.073150479784,1817.926849520216
308002,23663,21836.986184749043,1826.0138152509571
309002,23752,21902.885273421853,1849.1147265781474
310002,23813,21968.770467426555,1844.2295325734449
311002,23880,22034.64181734068,1845.3581826593218
312002,23960,22100.499373394527,1859.5006266054734
313002,24021,22166.343185474645,1854.656814525355
314002,24075,22232.173303127274,1842.8266968727257
315002,24145,22297.98977556177,1847.0102244382288
316002,24216,22363.792651653923,1852.2073483460772
317002,24280,22429.581979949297,1850.4180200507035
318002,24354,22495.357808666522,1858.642191333478
319002,24420,22561.120185700445,1858.8798142995547
320002,24466,22626.86915862541,1839.13084137459
321002,24535,22692.60477469834,1842.3952253016614
322002,24592,22758.327080861847,1833.6729191381528
323002,24674,22824.03612374732,1849.963876252681
324002,24755,22889.73194967795,1865.2680503220508
325002,24824,22955.414604671656,1868.585395328344
326002,24875,23021.08413444412,1853.9158655558786
327002,24956,23086.740584411637,1869.2594155883635
328002,25021,23152.38399969403,1868.6160003059704
329002,25090,23218.014425117417,1871.985574882583
330002,25161,23283.631905217113,1877.368094782887
331002,25234,23349.236484240308,1884.7635157596924
332002,25302,23414.828206148835,1887.1717938511647
333002,25384,23480.407114621885,1903.5928853781152
334002,25450,23545.97325305864,1904.0267469413593
335002,25514,23611.526664580917,1902.473335419083
336002,25587,23677.067392035755,1909.932607964245
337002,25656,23742.595477998017,1913.4045220019834
338002,25724,23808.11096477288,1915.8890352271192
339002,25784,23873.613894398353,1910.3861056016467
340002,25882,23939.104308647784,1942.895691352216
341002,25951,24004.58224903224,1946.417750967761
342002,26017,24070.04775680299,1946.9522431970108
343002,26087,24135.500872953824,1951.499127046176
344002,26163,24200.94163822346,1962.0583617765406
345002,26234,24266.37009309784,1967.6299069021588
346002,26298,24331.786277812447,1966.2137221875528
347002,26368,24397.190232354566,1970.8097676454345
348002,26438,24462.58199646552,1975.4180035344798
349002,26514,24527.961609642924,1986.0383903570764
350002,26567,24593.32911114283,1973.6708888571702
351002,26638,24658.684539981932,1979.3154600180678
352002,26710,24724.02793493967,1985.9720650603304
353002,26784,24789.35933456039,1994.6406654396087
354002,26861,24854.678777155365,2006.3212228446355
355002,26929,24919.986300804954,2009.0136991950458
356002,27004,24985.281943360565,2018.7180566394345
357002,27082,25050.56574244671,2031.43425755329
358002,27152,25115.837735462967,2036.1622645370335
359002,27202,25181.097959586015,2020.9020404139847
360002,27272,25246.3464517715,2025.6535482284999
361002,27358,25311.58324875604,2046.4167512439599
362002,27440,25376.80838705907,2063.191612940929
363002,27507,25442.021902984758,2064.9780970152424
364002,27575,25507.22383262384,2067.7761673761597
365002,27649,25572.41421185549,2076.5857881445118
366002,27715,25637.593076349116,2077.406923650884
367002,27777,25702.760461566166,2074.2395384338342
368002,27851,25767.91640276191,2083.0835972380883
369002,27926,25833.060934987177,2092.9390650128225
370002,28009,25898.194093090126,2110.8059069098745
371002,28080,25963.315911717953,2116.684088282047
372002,28144,26028.426425318565,2115.5735746814353
373002,28194,26093.525668142298,2100.474331857702
374002,28269,26158.613674243556,2110.3863257564444
375002,28334,26223.690477482458,2110.309522517542
376002,28401,26288.756111526473,2112.2438884735275
377002,28467,26353.810609852022,2113.189390147978
378002,28548,26418.854005746063,2129.145994253937
379002,28606,26483.88633230766,2122.1136676923416
380002,28678,26548.90762244957,2129.0923775504307
381002,28763,26613.917908899723,2149.0820911002775
382002,28834,26678.917224202818,2155.082775797182
383002,28914,26743.905600721737,2170.094399278263
384002,28978,26808.88307063915,2169.116929360851
385002,29051,26873.84966595886,2177.15033404114
386002,29126,26938.805418507356,2187.194581492644
387002,29193,27003.75035993523,2189.2496400647688
388002,29263,27068.684521718562,2194.315478281438
389002,29333,27133.607935160395,2199.392064839605
390002,29400,27198.520631392075,2201.4793686079247
391002,29473,27263.422641374673,2209.577358625327
392002,29536,27328.313995900324,2207.686004099676
393002,29603,27393.194725593585,2209.8052744064153
394002,29658,27458.064860912793,2199.935139087207
395002,29732,27522.92443215135,2209.0755678486494
396002,29807,27587.77346943907,2219.226530560929
397002,29886,27652.612002743474,2233.3879972565264
398002,29964,27717.440061871017,2246.559938128983
399002,30030,27782.257676468438,2247.742323531562
400002,30091,27847.06487602396,2243.93512397604
401002,30172,27911.861689868543,2260.138310131457
402002,30240,27976.64814717713,2263.3518528228706
403002,30320,28041.424276969858,2278.5757230301424
404002,30384,28106.19010811325,2277.809891886751
405002,30460,28170.945669321423,2289.0543306785767
406002,30528,28235.690989157272,2292.3090108427277
407002,30603,28300.426096033614,2302.573903966386
408002,30668,28365.151018214372,2302.848981785628
409002,30739,28429.865783815698,2309.134216184302
410002,30802,28494.57042080713,2307.4295791928707
411002,30875,28559.264957012685,2315.735042987315
412002,30956,28623.949420112003,2332.0505798879967
413002,31035,28688.623837641397,2346.3761623586033
414002,31113,28753.288236995006,2359.7117630049943
415002,31161,28817.94264542582,2343.057354574179
416002,31236,28882.58709004677,2353.4129099532292
417002,31318,28947.221597831784,2370.7784021682164
418002,31376,29011.84619561682,2364.153804383179
419002,31427,29076.460910100905,2350.5390898990954
420002,31499,29141.065767847183,2357.9342321528165
421002,31565,29205.660795283882,2359.339204716118
422002,31643,29270.246018705384,2372.753981294616
423002,31712,29334.82146427316,2377.178535726842
424002,31775,29399.38715801678,2375.6128419832203
425002,31838,29463.943125834892,2374.0568741651077
426002,31911,29528.489393496187,2382.5106065038126
427002,31979,29593.02598664035,2385.9740133596497
428002,32046,29657.55293077902,2388.4470692209798
429002,32130,29722.070251296704,2407.9297487032964
430002,32180,29786.577973451727,2393.4220265482727
431002,32255,29851.076122377155,2403.923877622845
432002,32318,29915.564723081683,2402.435276918317
433002,32396,29980.043800450563,2415.956199549437
434002,32461,30044.513379246484,2416.486620753516
435002,32529,30108.97348411048,2420.02651588952
436002,32584,30173.424139562754,2410.575860437246
437002,32653,30237.865370003616,2415.1346299963843
438002,32736,30302.297199714296,2433.702800285704
439002,32804,30366.71965285779,2437.2803471422085
440002,32883,30431.132753479775,2451.8672465202253
441002,32952,30495.536525509335,2456.4634744906652
442002,33026,30559.930992759902,2466.0690072400976
443002,33086,30624.316178930007,2461.6838210699934
444002,33145,30688.69210760409,2456.307892395911
445002,33208,30753.05880225334,2454.941197746659
446002,33288,30817.416286236497,2470.5837137635026
447002,33360,30881.76458280062,2478.2354171993793
448002,33443,30946.10371508186,2496.8962849181407
449002,33511,31010.43370610627,2500.566293893731
450002,33568,31074.754578790533,2493.245421209467
451002,33623,31139.06635594277,2483.9336440572297
452002,33680,31203.369060263292,2476.6309397367077
453002,33768,31267.662714345264,2500.3372856547358
454002,33857,31331.94734067558,2525.0526593244213
455002,33944,31396.222961635496,2547.777038364504
456002,34004,31460.48959950138,2543.5104004986206
457002,34055,31524.747276445472,2530.2527235545276
458002,34122,31588.996014536548,2533.0039854634524
459002,34198,31653.235835740663,2544.764164259337
460002,34276,31717.466761921838,2558.533238078162
461002,34343,31781.68881484276,2561.3111851572394
462002,34427,31845.902016165448,2581.097983834552
463002,34509,31910.10638745199,2598.8936125480104
464002,34570,31974.301950165172,2595.6980498348275
465002,34634,32038.48872566915,2595.511274330849
466002,34699,32102.66673523018,2596.333264769819
467002,34774,32166.836000017145,2607.163999982855
468002,34838,32230.996541102373,2607.003458897627
469002,34896,32295.148379462145,2600.8516205378546
470002,34966,32359.291535977427,2606.708464022573
471002,35030,32423.426031434443,2606.573968565557
472002,35101,32487.551886525347,2613.448113474653
473002,35167,32551.669121848856,2615.330878151144
474002,35226,32615.7777579108,2610.2222420891994
475002,35288,32679.877815124855,2608.1221848751447
476002,35349,32743.96931381301,2605.0306861869904
477002,35417,32808.0522742063,2608.9477257937033
478002,35496,32872.12671644531,2623.8732835546907
479002,35538,32936.19266058082,2601.8073394191815
480002,35613,33000.25012657437,2612.7498734256296
481002,35691,33064.29913429885,2626.7008657011465
482002,35759,33128.33970353911,2630.66029646089
483002,35821,33192.37185399246,2628.6281460075406
484002,35886,33256.3956052693,2629.604394730697
485002,35968,33320.41097689366,2647.5890231063386
486002,36060,33384.41798830375,2675.5820116962495
487002,36115,33448.416658852526,2666.583341147474
488002,36191,33512.40700780828,2678.5929921917195
489002,36234,33576.389054355066,2657.610945644934
490002,36300,33640.36281759339,2659.637182406608
491002,36365,33704.32831654061,2660.67168345939
492002,36429,33768.285570131564,2660.714429868436
493002,36507,33832.234597219045,2674.765402780955
494002,36565,33896.17541657435,2668.8245834256522
495002,36629,33960.10804688775,2668.891953112252
496002,36691,34024.032506769094,2666.9674932309063
497002,36756,34087.94881474817,2668.051185251832
498002,36823,34151.856989275424,2671.143010724576
499002,36902,34215.757048722226,2686.2429512777744
500002,36961,34279.64901138154,2681.350988618462
501002,37032,34343.53289546831,2688.4671045316936
502002,37111,34407.40871912003,2703.5912808799694
503002,37182,34471.27650039716,2710.723499602842
504002,37263,34535.13625728364,2727.863742716363
505002,37342,34598.98800768739,2743.0119923126113
506002,37394,34662.8317694407,2731.1682305592985
507002,37468,34726.66756030079,2741.33243969921
508002,37542,34790.49539795022,2751.504602049783
509002,37610,34854.31529999736,2755.684700002639
510002,37680,34918.127283976886,2761.8727160231138
511002,37759,34981.931367350146,2777.0686326498544
512002,37820,35045.72756750571,2774.27243249429
513002,37897,35109.51590175975,2787.484098240253
514002,37961,35173.296387356466,2787.703612643534
515002,38029,35237.06904146866,2791.9309585313385
516002,38096,35300.83388119797,2795.16611880203
517002,38159,35364.590923575444,2794.4090764245557
518002,38221,35428.34018556192,2792.659814438077
519002,38287,35492.081684048484,2794.918315951516
520002,38342,35555.81543585683,2786.184564143172
521002,38421,35619.541457739724,2801.458542260276
522002,38480,35683.25976638141,2796.7402336185914
523002,38550,35746.970378398044,2803.029621601956
524002,38624,35810.673310338054,2813.326689661946
525002,38691,35874.36857868256,2816.631421317441
526002,38748,35938.05619984579,2809.9438001542076
527002,38799,36001.73619017552,2797.263809824479
528002,38868,36065.40856595335,2802.591434046648
529002,38938,36129.07334339522,2808.926656604781
530002,39007,36192.73053865171,2814.269461348289
531002,39070,36256.38016780852,2813.619832191478
532002,39143,36320.02224688677,2822.9777531132277
533002,39206,36383.656791843394,2822.343208156606
534002,39273,36447.28381857156,2825.716181428441
535002,39350,36510.90334290098,2839.0966570990204
536002,39428,36574.51538059835,2853.48461940165
537002,39474,36638.119947367704,2835.8800526322957
538002,39560,36701.7170588507,2858.2829411493003
539002,39623,36765.30673062711,2857.6932693728886
540002,39698,36828.88897821509,2869.1110217849127
541002,39777,36892.463817071555,2884.5361829284448
542002,39843,36956.03126259258,2886.96873740742
543002,39901,37019.591330113646,2881.408669886354
544002,39964,37083.144034910125,2880.855965089875
545002,40028,37146.68939219753,2881.310607802472
546002,40110,37210.2274171319,2899.7725828680996
547002,40195,37273.75812481012,2921.2418751898804
548002,40270,37337.28153027027,2932.718469729727
549002,40332,37400.79764849197,2931.202351508029
550002,40392,37464.306494396704,2927.693505603296
551002,40458,37527.80808284815,2930.191917151853
552002,40527,37591.3024286525,2935.6975713474967
553002,40610,37654.78954655882,2955.2104534411774
554002,40673,37718.269451259344,2954.7305487406556
555002,40746,37781.7421573898,2964.2578426101973
556002,40836,37845.207679529725,2990.7923204702747
557002,40896,37908.666032202826,2987.3339677971744
558002,40975,37972.11722987718,3002.882770122822
559002,41041,38035.56128696571,3005.4387130342875
560002,41095,38098.99821782635,2996.0017821736474
561002,41156,38162.428036762445,2993.571963237555
562002,41233,38225.85075802301,3007.149241976993
563002,41290,38289.266395803046,3000.733604196954
564002,41366,38352.6749642438,3013.325035756199
565002,41438,38416.0764774332,3021.9235225668017
566002,41510,38479.47094940593,3030.529050594072
567002,41582,38542.858394143936,3039.1416058560644
568002,41656,38606.238825576635,3049.7611744233654
569002,41727,38669.61225758113,3057.3877424188686
570002,41782,38732.978703982604,3049.021296017396
571002,41838,38796.338178554615,3041.6618214453847
572002,41902,38859.69069501928,3042.309304980721
573002,41959,38923.03626704759,3035.963732952412
574002,42032,38986.37490825979,3045.6250917402067
575002,42099,39049.706632225505,3049.293367774495
576002,42173,39113.03145246413,3059.968547535871
577002,42233,39176.349382445034,3056.6506175549657
578002,42301,39239.66043558785,3061.3395644121483
579002,42376,39302.96462526281,3073.035374737192
580002,42441,39366.2619647909,3074.7380352090986
581002,42519,39429.55246744419,3089.4475325558087
582002,42604,39492.83614644611,3111.1638535538877
583002,42671,39556.11301497166,3114.886985028337
584002,42737,39619.38308614774,3117.61691385226
585002,42801,39682.64637305336,3118.353626946642
586002,42866,39745.902888719866,3120.0971112801344
587002,42921,39809.15264613129,3111.8473538687103
588002,42983,39872.39565822452,3110.604341775477
589002,43053,39935.63193788957,3117.3680621104286
590002,43139,39998.86149796987,3140.1385020301313
591002,43220,40062.08435126245,3157.9156487375512
592002,43300,40125.30051051824,3174.6994894817617
593002,43369,40188.50998844226,3180.49001155774
594002,43434,40251.71279769394,3182.2872023060627
595002,43501,40314.90895088729,3186.091049112707
596002,43566,40378.098460591165,3187.9015394088347
597002,43636,40441.28133932951,3194.7186606704927
598002,43700,40504.457599581554,3195.542400418446
599002,43767,40567.627253782135,3199.372746217865
600002,43840,40630.79031432183,3209.209685678172
601002,43896,40693.946793547235,3202.053206452765
602002,43970,40757.09670376123,3212.903296238772
603002,44013,40820.2400572231,3192.759942776902
604002,44071,40883.37686614889,3187.6231338511134
605002,44136,40946.50714271153,3189.4928572884673
606002,44212,41009.63089904114,3202.3691009588583
607002,44290,41072.74814722514,3217.2518527748616
608002,44356,41135.858899308594,3220.141100691406
609002,44430,41198.96316729436,3231.036832705642
610002,44497,41262.06096314329,3234.939036856711
611002,44552,41325.152298774505,3226.8477012254953
612002,44619,41388.23718606558,3230.7628139344233
613002,44689,41451.31563685275,3237.684363147251
614002,44747,41514.38766293112,3232.61233706888
615002,44820,41577.45327605489,3242.54672394511
616002,44896,41640.51248793753,3255.487512062471
617002,44936,41703.56531025207,3232.4346897479336
618002,44989,41766.6117546312,3222.3882453687984
619002,45059,41829.65183266753,3229.3481673324713
620002,45133,41892.6855559138,3240.3144440862015
621002,45198,41955.71293588304,3242.2870641169575
622002,45266,42018.73398404884,3247.266015951158
623002,45331,42081.74871184546,3249.251288154541
624002,45409,42144.7571306681,3264.2428693319016
625002,45484,42207.75925187308,3276.2407481269183
626002,45548,42270.755086778,3277.244913221999
627002,45609,42333.744646661966,3275.255353338034
628002,45696,42396.72794276577,3299.2720572342296
629002,45765,42459.70498629211,3305.295013707888
630002,45841,42522.67578840573,3318.3242115942703
631002,45913,42585.64036023364,3327.359639766357
632002,45979,42648.59871286532,3330.4012871346786
633002,46047,42711.55085735285,3335.4491426471504
634002,46125,42774.49680471115,3350.503195288853
635002,46183,42837.43656591813,3345.5634340818724
636002,46257,42900.3701519149,3356.6298480850965
637002,46327,42963.29757360594,3363.702426394062
638002,46382,43026.218841859256,3355.781158140744
639002,46461,43089.13396750659,3371.86603249341
640002,46536,43152.04296134359,3383.9570386564083
641002,46596,43214.945834130005,3381.054165869995
642002,46670,43277.84259658978,3392.157403410223
643002,46746,43340.73325941135,3405.266740588653
644002,46827,43403.61783324773,3423.3821667522716
645002,46886,43466.49632871672,3419.5036712832807
646002,46941,43529.368756401054,3411.6312435989457
647002,47009,43592.235126848595,3416.7648731514055
648002,47066,43655.09545057246,3410.9045494275415
649002,47140,43717.94973805129,3422.050261948709
650002,47190,43780.797999729286,3409.202000270714
651002,47274,43843.64024601645,3430.3597539835464
652002,47349,43906.47648728874,3442.523512711261
653002,47394,43969.30673388823,3424.693266111768
654002,47465,44032.13099612325,3432.8690038767527
655002,47531,44094.9492842686,3436.0507157313987
656002,47608,44157.76160856568,3450.2383914343227
657002,47671,44220.5679792226,3450.4320207774
658002,47739,44283.368406414455,3455.6315935855455
659002,47805,44346.16290028336,3458.837099716642
660002,47868,44408.9514709387,3459.0485290612996
661002,47932,44471.73412845721,3460.2658715427897
662002,48016,44534.5108828832,3481.4891171167983
663002,48076,44597.281744228654,3478.718255771346
664002,48138,44660.0467224734,3477.953277526598
665002,48203,44722.80582756531,3480.1941724346907
666002,48265,44785.55906942034,3479.440930579658
667002,48336,44848.30645792279,3487.6935420772134
668002,48391,44911.0480029254,3479.951997074597
669002,48474,44973.7837142495,3500.2162857505027
670002,48542,45036.513601685154,3505.486398314846
671002,48613,45099.23767499135,3513.762325008647
672002,48687,45161.95594389608,3525.0440561039213
673002,48747,45224.668418096524,3522.331581903476
674002,48804,45287.3751072592,3516.6248927408014
675002,48859,45350.07602102007,3508.923978979932
676002,48935,45412.7711689847,3522.2288310153017
677002,48996,45475.46056072844,3520.5394392715607
678002,49083,45538.14420579649,3544.8557942035113
679002,49132,45600.82211370409,3531.177886295911
680002,49195,45663.49429393665,3531.505706063348
681002,49263,45726.16075594989,3536.839244050112
682002,49328,45788.82150916993,3539.1784908300688
683002,49399,45851.47656299353,3547.523437006472
684002,49464,45914.12592678811,3549.8740732118895
685002,49534,45976.76960989196,3557.2303901080377
686002,49602,46039.407621614315,3562.592378385685
687002,49662,46102.03997123554,3559.960028764457
688002,49727,46164.66666800728,3562.3333319927187
689002,49800,46227.2877211525,3572.7122788475026
690002,49875,46289.90313986569,3585.096860134312
691002,49961,46352.512933312944,3608.4870666870556
692002,50006,46415.11711063217,3590.882889367829
693002,50078,46477.71568093313,3600.284319066872
694002,50142,46540.308653297594,3601.691346702406
695002,50206,46602.896036779515,3603.1039632204847
696002,50270,46665.47784040506,3604.5221595949406
697002,50339,46728.05407317283,3610.9459268271676
698002,50401,46790.62474405394,3610.3752559460627
699002,50492,46853.18986199211,3638.810138007888
700002,50582,46915.74943590386,3666.250564096139
701002,50640,46978.30347467858,3661.696525321422
702002,50708,47040.851987178656,3667.1480128213443
703002,50756,47103.39498223964,3652.605017760361
704002,50826,47165.93246867027,3660.0675313297324
705002,50877,47228.46445525269,3648.535544747312
706002,50951,47290.990950742525,3660.0090492574745
707002,51019,47353.51196386899,3665.4880361310134
708002,51063,47416.027503335004,3646.9724966649956
709002,51124,47478.537577817355,3645.4624221826452
710002,51181,47541.04219596676,3639.9578040332417
711002,51242,47603.541366408,3638.458633592003
712002,51312,47666.03509774005,3645.964902259948
713002,51381,47728.52339853616,3652.476601463837
714002,51460,47791.006277343964,3668.993722656036
715002,51534,47853.483742685676,3680.5162573143243
716002,51596,47915.955803058096,3680.0441969419044
717002,51669,47978.42246693278,3690.5775330672186
718002,51755,48040.8837427561,3714.116257243899
719002,51832,48103.33963894943,3728.66036105057
720002,51899,48165.79016390921,3733.209836090791
721002,51962,48228.235326007045,3733.764673992955
722002,52020,48290.675133589815,3729.3248664101848
723002,52089,48353.10959497981,3735.890405020189
724002,52153,48415.538718474825,3737.461281525175
725002,52212,48477.96251234824,3734.03748765176
726002,52282,48540.380984849166,3741.6190151508345
727002,52349,48602.794144202504,3746.205855797496
728002,52433,48665.20199860911,3767.798001390889
729002,52486,48727.60455624584,3758.3954437541615
730002,52543,48790.00182526568,3752.998174734319
731002,52626,48852.39381379784,3773.6061862021597
732002,52693,48914.78052994788,3778.2194700521213
733002,52769,48977.16198179776,3791.8380182022374
734002,52833,49039.53817740603,3793.4618225939703
735002,52892,49101.9091248078,3790.0908751922034
736002,52946,49164.27483201494,3781.7251679850597
737002,53021,49226.635307016186,3794.364692983814
738002,53069,49288.99055777717,3780.0094422228285
739002,53151,49351.34059224057,3799.6594077594273
740002,53222,49413.68541832615,3808.314581673847
741002,53292,49476.02504393093,3815.974956069069
742002,53364,49538.35947692927,3825.6405230707314
743002,53422,49600.688725172884,3821.311274827116
744002,53498,49663.01279649104,3834.9872035089575
745002,53581,49725.3316986906,3855.6683013094007
746002,53661,49787.64543955613,3873.3545604438696
747002,53731,49849.95402684996,3881.0459731500378
748002,53802,49912.257468312324,3889.742531687676
749002,53865,49974.55577166145,3890.4442283385506
750002,53917,50036.84894459362,3880.151055406379
751002,54000,50099.13699478325,3900.86300521675
752002,54059,50161.419929883064,3897.5800701169355
753002,54139,50223.69775752408,3915.3022424759183
754002,54206,50285.97048531578,3920.029514684218
755002,54268,50348.238120846145,3919.7618791538553
756002,54346,50410.50067168177,3935.4993283182266
757002,54424,50472.75814536799,3951.2418546320114
758002,54486,50535.01054942886,3950.989450571142
759002,54552,50597.257891367364,3954.742108632636
760002,54611,50659.50017866544,3951.4998213345607
761002,54667,50721.737418784054,3945.262581215946
762002,54724,50783.969619163334,3940.030380836666
763002,54804,50846.19678722261,3957.8032127773913
764002,54859,50908.41893036051,3950.581069639491
765002,54925,50970.6360559551,3954.363944044897
766002,54968,51032.84817136388,3935.151828636117
767002,55026,51095.05528392391,3930.94471607609
768002,55102,51157.25740095192,3944.742599048077
769002,55166,51219.454529744355,3946.5454702556453
770002,55233,51281.64667757744,3951.353322422561
771002,55298,51343.83385170736,3954.166148292643
772002,55349,51406.01605937018,3942.9839406298197
773002,55421,51468.1933077821,3952.8066922178987
774002,55491,51530.36560413942,3960.6343958605794
775002,55560,51592.53295561864,3967.4670443813593
776002,55632,51654.695369376605,3977.3046306233955
777002,55702,51716.85285255047,3985.1471474495265
778002,55773,51779.00541225791,3993.9945877420905
779002,55830,51841.15305559708,3988.846944402918
780002,55908,51903.29578964676,4004.7042103532367
781002,55967,51965.43362146643,4001.566378533571
782002,56022,52027.56655809634,3994.4334419036604
783002,56101,52089.69460655756,4011.305393442439
784002,56162,52151.817773852104,4010.1822261478956
785002,56219,52213.93606696295,4005.063933037047
786002,56287,52276.049492854196,4010.9505071458043
787002,56363,52338.15805847105,4024.8419415289536
788002,56425,52400.26177073991,4024.7382292600887
789002,56487,52462.36063656857,4024.63936343143
790002,56553,52524.454662846125,4028.545337153875
791002,56612,52586.54385644309,4025.456143556912
792002,56678,52648.62822421157,4029.3717757884297
793002,56734,52710.70777298521,4023.29222701479
794002,56793,52772.78250957934,4020.217490420662
795002,56869,52834.85244079101,4034.147559208992
796002,56916,52896.91757339911,4019.082426600893
797002,56972,52958.97791416437,4013.0220858356333
798002,57052,53021.033469829505,4030.9665301704954
799002,57119,53083.08424711922,4035.9157528807773
800002,57176,53145.13025274033,4030.8697472596687
801002,57239,53207.17149338184,4031.8285066181634
802002,57331,53269.20797571492,4061.7920242850814
803002,57402,53331.2397063931,4070.7602936069015
804002,57474,53393.266692052246,4080.733307947754
805002,57527,53455.288939310696,4071.711060689304
806002,57593,53517.30645476928,4075.6935452307225
807002,57650,53579.319245011364,4070.680754988636
808002,57723,53641.327316603034,4081.672683396966
809002,57790,53703.33067609303,4086.669323906972
810002,57858,53765.32933001287,4092.6706699871283
811002,57920,53827.323284876955,4092.676715123045
812002,57985,53889.31254718255,4095.687452817452
813002,58057,53951.29712340992,4105.702876590083
814002,58138,54013.277020022375,4124.722979977625
815002,58198,54075.25224346633,4122.747756533667
816002,58267,54137.22280017137,4129.7771998286335
817002,58341,54199.188696550285,4141.811303449715
818002,58413,54261.14993899922,4151.850061000783
819002,58481,54323.106533897655,4157.893466102345
820002,58526,54385.058487608476,4140.941512391524
821002,58581,54447.00580647812,4133.994193521881
822002,58658,54508.94849683652,4149.051503163479
823002,58713,54570.88656499724,4142.113435002757
824002,58776,54632.820017257574,4143.179982742426
825002,58838,54694.74885989848,4143.251140101522
826002,58895,54756.67309918474,4138.3269008152565
827002,58962,54818.59274136506,4143.407258634943
828002,59041,54880.50779267198,4160.492207328018
829002,59111,54942.418259322105,4168.581740677895
830002,59174,55004.32414751605,4169.675852483953
831002,59232,55066.2254634385,4165.774536561497
832002,59298,55128.12221325841,4169.877786741592
833002,59347,55190.014403128844,4156.985596871156
834002,59438,55251.90203918723,4186.097960812767
835002,59518,55313.78512755531,4204.214872444689
836002,59574,55375.66367433923,4198.33632566077
837002,59643,55437.53768562963,4205.462314370372
838002,59727,55499.407167501595,4227.592832498405
839002,59779,55561.272126014876,4217.7278739851245
840002,59863,55623.132567213805,4239.867432786195
841002,59933,55684.98849712741,4248.011502872592
842002,59985,55746.839921769504,4238.160078230496
843002,60050,55808.686847138655,4241.313152861345
844002,60119,55870.52927921831,4248.47072078169
845002,60170,55932.367223976886,4237.632776023114
846002,60242,55994.20068736769,4247.799312632313
847002,60311,56056.02967532913,4254.970324670867
848002,60375,56117.85419378465,4257.145806215347
849002,60443,56179.67424864288,4263.3257513571225
850002,60524,56241.48984579759,4282.510154202413
851002,60603,56303.30099112786,4299.699008872143
852002,60654,56365.107690498015,4288.892309501985
853002,60717,56426.909949757784,4290.0900502422155
854002,60792,56488.70777474231,4303.29222525769
855002,60862,56550.50117127215,4311.498828727847
856002,60929,56612.290145153434,4316.709854846566
857002,60980,56674.074702177844,4305.925297822156
858002,61043,56735.85484812267,4307.145151877332
859002,61108,56797.630588750886,4310.369411249114
860002,61181,56859.40192981124,4321.59807018876
861002,61243,56921.16887703821,4321.83112296179
862002,61294,56982.931436152096,4311.068563847904
863002,61351,57044.68961285912,4306.310387140882
864002,61443,57106.44341285144,4336.55658714856
865002,61496,57168.19284180717,4327.807158192831
866002,61547,57229.93790539047,4317.06209460953
867002,61618,57291.67860925161,4326.321390748388
868002,61676,57353.414959026995,4322.585040973005
869002,61728,57415.14696033916,4312.85303966084
870002,61807,57476.87461879695,4330.125381203048
871002,61862,57538.597939995474,4323.402060004526
872002,61940,57600.316929516164,4339.683070483836
873002,62001,57662.031592926855,4338.9684070731455
874002,62080,57723.74193578178,4356.258064218222
875002,62160,57785.447963621715,4374.552036378285
876002,62222,57847.14968197391,4374.850318026089
877002,62298,57908.84709635221,4389.152903647788
878002,62362,57970.54021225711,4391.45978774289
879002,62417,58032.22903517578,4384.7709648242235
880002,62468,58093.913570582066,4374.086429417934
881002,62515,58155.59382393664,4359.406176063363
882002,62581,58217.26980068694,4363.73019931306
883002,62648,58278.941506267314,4369.058493732686
884002,62719,58340.60894609899,4378.39105390101
885002,62786,58402.272125590134,4383.727874409866
886002,62842,58463.93105013598,4378.06894986402
887002,62913,58525.585725118755,4387.414274881245
888002,62980,58587.23615590779,4392.763844092209
889002,63038,58648.88234785958,4389.1176521404195
890002,63118,58710.524306317755,4407.475693682245
891002,63193,58772.16203661323,4420.8379633867735
892002,63257,58833.79554406415,4423.204455935847
893002,63319,58895.42483397602,4423.575166023977
894002,63387,58957.04991164168,4429.950088358317
895002,63441,59018.67078234139,4422.329217658611
896002,63507,59080.28745134286,4426.7125486571385
897002,63584,59141.899923901285,4442.100076098715
898002,63657,59203.508205259415,4453.491794740585
899002,63705,59265.11230064758,4439.887699352417
900002,63797,59326.712215283726,4470.2877847162745
901002,63863,59388.30795437349,4474.692045626507
902002,63920,59449.8995231102,4470.100476889798
903002,63992,59511.486926674945,4480.513073325055
904002,64079,59573.07017023659,4505.929829763409
905002,64142,59634.649258951904,4507.350741048096
906002,64207,59696.224197965465,4510.775802034535
907002,64261,59757.79499240981,4503.205007590193
908002,64327,59819.36164740544,4507.638352594557
909002,64371,59880.92416806087,4490.075831939132
910002,64422,59942.4825594726,4479.517440527401
911002,64501,60004.036826725336,4496.963173274664
912002,64565,60065.58697489182,4499.413025108181
913002,64642,60127.133009033,4514.866990966999
914002,64731,60188.674934198,4542.325065801997
915002,64799,60250.212755424276,4548.787244575724
916002,64878,60311.746477737455,4566.253522262545
917002,64941,60373.276106151636,4567.723893848364
918002,64996,60434.801645669155,4561.198354330845
919002,65047,60496.323101280854,4550.676898719146
920002,65107,60557.840477965976,4549.159522034024
921002,65166,60619.35378069231,4546.646219307688
922002,65245,60680.8630144161,4564.1369855839
923002,65310,60742.36818408221,4567.63181591779
924002,65375,60803.86929462409,4571.130705375908
925002,65435,60865.36635096386,4569.633649036143
926002,65495,60926.859358012254,4568.140641987746
927002,65556,60988.348320668825,4567.651679331175
928002,65650,61049.83324382182,4600.16675617818
929002,65716,61111.31413234833,4604.685867651671
930002,65775,61172.79099111419,4602.209008885809
931002,65846,61234.263824974245,4611.736175025755
932002,65920,61295.73263877214,4624.2673612278595
933002,65988,61357.197437340554,4630.802562659446
934002,66065,61418.65822550106,4646.341774498942
935002,66115,61480.1150080643,4634.884991935702
936002,66190,61541.56778982999,4648.432210170009
937002,66249,61603.016575586924,4645.983424413076
938002,66318,61664.46137011303,4653.538629886971
939002,66386,61725.90217817541,4660.097821824587
940002,66453,61787.339004530324,4665.660995469676
941002,66527,61848.77185392335,4678.2281460766535
942002,66580,61910.20073108928,4669.79926891072
943002,66650,61971.625640752274,4678.374359247726
944002,66709,62033.046587625766,4675.953412374234
945002,66777,62094.46357641267,4682.536423587328
946002,66856,62155.87661180517,4700.123388194828
947002,66929,62217.285698485066,4711.714301514934
948002,66991,62278.69084112356,4712.309158876436
949002,67063,62340.09204438138,4722.907955618619
950002,67122,62401.48931290879,4720.510687091213
951002,67177,62462.88265134572,4714.117348654283
952002,67244,62524.272064321674,4719.727935678326
953002,67299,62585.6575564558,4713.342443544199
954002,67376,62647.039132356935,4728.960867643065
955002,67449,62708.416796623744,4740.583203376256
956002,67513,62769.790553844505,4743.209446155495
957002,67600,62831.160408597396,4768.839591402604
958002,67676,62892.526365450394,4783.473634549606
959002,67742,62953.888428961334,4788.111571038666
960002,67797,63015.24660367795,4781.7533963220485
961002,67872,63076.60089413784,4795.399105862161
962002,67918,63137.95130486871,4780.048695131292
963002,67982,63199.297840388084,4782.702159611916
964002,68065,63260.64050520364,4804.3594947963575
965002,68132,63321.979303813045,4810.020696186955
966002,68200,63383.314240704116,4816.685759295884
967002,68256,63444.64532035471,4811.3546796452865
968002,68326,63505.97254723293,4820.02745276707
969002,68385,63567.29592579698,4817.704074203022
970002,68460,63628.615460495304,4831.384539504696
971002,68520,63689.931155766666,4830.068844233334
972002,68585,63751.24301604001,4833.756983959989
973002,68655,63812.55104573467,4842.448954265332
974002,68734,63873.85524926022,4860.1447507397825
975002,68776,63935.155631016765,4840.844368983235
976002,68841,63996.45219539464,4844.547804605361
977002,68916,64057.744946774794,4858.255053225206
978002,69000,64119.03388952848,4880.96611047152
979002,69051,64180.31902801753,4870.680971982467
980002,69119,64241.60036659431,4877.3996334056865
981002,69198,64302.87790960171,4895.12209039829
982002,69255,64364.15166137321,4890.848338626791
983002,69320,64425.42162623293,4894.578373767072
984002,69379,64486.68780849564,4892.312191504359
985002,69440,64547.950212466734,4892.049787533266
986002,69488,64609.2088424424,4878.7911575576
987002,69556,64670.46370270946,4885.536297290542
988002,69614,64731.71479754562,4882.285202454383
989002,69686,64792.96213121925,4893.037868780753
990002,69751,64854.20570798966,4896.794292010338
991002,69825,64915.44553210691,4909.554467893089
992002,69889,64976.68160781205,4912.318392187954
993002,69957,65037.91393933694,4919.0860606630595
994002,70030,65099.14253090447,4930.857469095528
995002,70081,65160.367386728394,4920.632613271606
996002,70159,65221.58851101357,4937.411488986429
997002,70230,65282.8059079558,4947.194092044199
998002,70283,65344.01958174199,4938.980418258012
999002,70361,65405.229536550105,4955.770463449895
